<?xml version="1.0" encoding="UTF-8"?>
<configuration>
    <include resource="org/springframework/boot/logging/logback/defaults.xml" />

    <property name="CONSOLE_LOG_PATTERN"
              value="%clr(%d{yyyy-MM-dd HH:mm:ss.SSS}){faint} %clr(${LOG_LEVEL_PATTERN:-%5p}) %clr([%t]){faint} %clr(%logger){cyan} %clr(:){faint} %m%n${LOG_EXCEPTION_CONVERSION_WORD:-%wEx}" />

    <include resource="org/springframework/boot/logging/logback/console-appender.xml" />

    <root level="INFO">
        <appender-ref ref="CONSOLE" />
    </root>

    <logger name="org.springframework.web" level="INFO" />
    <logger name="com.droidablebee" level="DEBUG" />
</configuration>